name,address,phone,rating,review_count,timing,url,images,source_category
Siddhivinayak Agencies,"Zilla Parishad Road Siddharth Nagar, Hingoli",Show Number,4.3,36,,https://www.justdial.com/Hingoli/Siddhivinayak-Agencies-Beside-Nakade-Hospital-Siddharth-Nagar/9999P2456-2456-190316193354-Q4D3_BZDET?trkid=&term=&ncatid=10185144&area=&search=Popular%20Electronic%20Goods%20Showrooms%20in%20Hingoli&mncatname=Electronic%20Goods%20Showrooms&ftterm=&abd_btn=Get%20Best%20Deal&abd_heading=Electronic%20Goods%20Showrooms&bd=1&cat_b2b_flag=0&searchfrom=lst&thumbnail=,https://content.jdmagicbox.com/comp/hingoli/d3/9999p2456.2456.190316193354.q4d3/catalogue/siddhivinayak-agencies-hingoli-hingoli-electronic-goods-showrooms-ohrjywqzd1-250.jpg?w=640&q=75 | https://content.jdmagicbox.com/comp/hingoli/d3/9999p2456.2456.190316193354.q4d3/catalogue/siddhivinayak-agencies-hingoli-hingoli-electronic-goods-showrooms-xpmvdpgtni-250.jpg?w=640&q=75 | https://akam.cdn.jdmagicbox.com/images/icontent/newwap/web2022/verified_2x.gif,Electronics-Shops
Om Sai Enterprises,"Mondha Rodh Basmath Basmath, Basmath",08904976759,4.7,8,,,https://content.jdmagicbox.com/v2/comp/hingoli/d7/9999p2456.2456.231111213131.r1d7/catalogue/om-sai-enterprises-basmath-basmath-electronic-goods-showrooms-1a176sod44-250.jpg?w=640&q=75 | https://content.jdmagicbox.com/v2/comp/hingoli/d7/9999p2456.2456.231111213131.r1d7/catalogue/om-sai-enterprises-basmath-basmath-electronic-goods-showrooms-nlvoihuuz4-250.jpg?w=640&q=75 | https://akam.cdn.jdmagicbox.com/images/icontent/newwap/web2022/verified_2x.gif,Electronics-Shops
Shridhan Enterprises,"Railway Station Road Siddharth Nagar, Hingoli",Show Number,4.7,94,,https://www.justdial.com/Hingoli/Shridhan-Enterprises-Near-Lic-Office-Siddharth-Nagar/9999P2456-2456-180405184836-H7N9_BZDET?trkid=&term=&ncatid=10185144&area=&search=Popular%20Electronic%20Goods%20Showrooms%20in%20Hingoli&mncatname=Electronic%20Goods%20Showrooms&ftterm=&abd_btn=Get%20Best%20Deal&abd_heading=Electronic%20Goods%20Showrooms&bd=1&cat_b2b_flag=0&searchfrom=lst&thumbnail=,https://content.jdmagicbox.com/v2/comp/hingoli/n9/9999p2456.2456.180405184836.h7n9/catalogue/shridhan-enterprises-hingoli-mobile-phone-dealers-5tlijeutjk-250.jpg?w=640&q=75 | https://content.jdmagicbox.com/comp/hingoli/n9/9999p2456.2456.180405184836.h7n9/catalogue/shridhan-enterprises-hingoli-h-o-hingoli-mobile-phone-dealers-1q3tnu2tnd-250.jpg?w=640&q=75 | https://akam.cdn.jdmagicbox.com/images/icontent/newwap/web2022/verified_2x.gif,Electronics-Shops
Reliance Digital Xpress,"Post Office Road Siddharth Nagar, Hingoli",Show Number,3.7,78,,https://www.justdial.com/Hingoli/Reliance-Digital-Xpress-Siddharth-Nagar/9999P2456-2456-200702205628-Y4E6_BZDET?trkid=&term=&ncatid=10185144&area=&search=Popular%20Electronic%20Goods%20Showrooms%20in%20Hingoli&mncatname=Electronic%20Goods%20Showrooms&ftterm=&abd_btn=Get%20Best%20Deal&abd_heading=Electronic%20Goods%20Showrooms&bd=1&cat_b2b_flag=0&searchfrom=lst&thumbnail=,https://content.jdmagicbox.com/v2/comp/hingoli/e6/9999p2456.2456.200702205628.y4e6/catalogue/reliance-digital-xpress-siddharth-nagar-hingoli-ac-dealers-FBN4Hi4unq-250.jpg?w=640&q=75 | https://content.jdmagicbox.com/v2/comp/hingoli/e6/9999p2456.2456.200702205628.y4e6/catalogue/reliance-digital-xpress-siddharth-nagar-hingoli-ac-dealers-iDugxg7qUm-250.jpg?w=640&q=75 | https://akam.cdn.jdmagicbox.com/images/icontent/newwap/newprot_w/offer_white.svg,Electronics-Shops
Jio Digial Life (Relience Digital Express Mini),"Post Office Road Siddharth Nagar, Hingoli",Show Number,4.2,64,,https://www.justdial.com/Hingoli/Jio-Digial-Life-Relience-Digital-Express-Mini-Near-Akre-Medical-Jain-Mandir-Opposite-Liberty-Medical-Nama-Chowk-Siddharth-Nagar/9999P2456-2456-170710145929-F7F4_BZDET?trkid=&term=&ncatid=10185144&area=&search=Popular%20Electronic%20Goods%20Showrooms%20in%20Hingoli&mncatname=Electronic%20Goods%20Showrooms&ftterm=&abd_btn=Get%20Best%20Deal&abd_heading=Electronic%20Goods%20Showrooms&bd=1&cat_b2b_flag=0&searchfrom=lst&thumbnail=,https://content.jdmagicbox.com/comp/hingoli/f4/9999p2456.2456.170710145929.f7f4/catalogue/jio-digial-life-relience-digital-express-mini--basmathnagar-hingoli-9twzzs7bfy-250.jpg?w=640&q=75 | https://content.jdmagicbox.com/comp/def_content_category/4g-wifi-router-dealers-reliance-jio/reliance-jio-4g-wifi-router-jiofi-4-4g-wifi-router-dealers-reliance-jio-1-8wt3s-250.jpg?w=640&q=75,Electronics-Shops
Mi Store,"Parbhani Road Gondiya Ghungarde Hadgaon Road, Basmath",Show Number,4.4,56,,,https://content.jdmagicbox.com/comp/hingoli/a7/9999p2456.2456.190824123322.w5a7/catalogue/mi-store-hingoli-i95jiy4ioq-250.jpg?w=640&q=75 | https://content.jdmagicbox.com/comp/hingoli/a7/9999p2456.2456.190824123322.w5a7/catalogue/mi-store-hingoli-1zegdnb9qa-250.jpg?w=640&q=75 | https://akam.cdn.jdmagicbox.com/images/icontent/newwap/newprot_w/offer_white.svg,Electronics-Shops
Jio,"Hingoli Road Mastanshah Nagar, Hingoli",Show Number,4.0,47,,https://www.justdial.com/Hingoli/Jio-Near-Jain-Mandir-Mastanshah-Nagar/9999P2456-2456-180130182753-Y6J8_BZDET?trkid=&term=&ncatid=10185144&area=&search=Popular%20Electronic%20Goods%20Showrooms%20in%20Hingoli&mncatname=Electronic%20Goods%20Showrooms&ftterm=&abd_btn=Get%20Best%20Deal&abd_heading=Electronic%20Goods%20Showrooms&bd=1&cat_b2b_flag=0&searchfrom=lst&thumbnail=,https://content.jdmagicbox.com/comp/hingoli/j8/9999p2456.2456.180130182753.y6j8/catalogue/jio-hingoli-ho-hingoli-jio-digital-life-galleries-t6w2hl2tur-250.jpg?w=640&q=75 | https://content.jdmagicbox.com/v2/comp/hingoli/j8/9999p2456.2456.180130182753.y6j8/catalogue/jio-hingoli-ho-hingoli-4g-wifi-router-dealers-mqg40ryrz0-250.jpg?w=640&q=75,Electronics-Shops
Bombay Electronics,"Akola Road Main Road Hingoli Siddharth Nagar, Hingoli",,4.2,22,,https://www.justdial.com/Hingoli/Bombay-Electronics-Siddharth-Nagar/9999P2456-2456-140608195645-C2A2_BZDET?trkid=&term=&ncatid=10185144&area=&search=Popular%20Electronic%20Goods%20Showrooms%20in%20Hingoli&mncatname=Electronic%20Goods%20Showrooms&ftterm=&abd_btn=Get%20Best%20Deal&abd_heading=Electronic%20Goods%20Showrooms&bd=1&cat_b2b_flag=0&searchfrom=lst&thumbnail=,https://content.jdmagicbox.com/comp/def_content/ac_dealers/default-ac-dealers-0-250.jpg?w=640&q=75 | https://content.jdmagicbox.com/comp/def_content_category/washing-machine-dealers/dr-priyankar-anandam-arogyam-majhola-moradabad-gastroenterologists-xi419t036s-w-1-washing-machine-dealers-4-2qo1o-250.jpg?w=640&q=75 | https://content.jdmagicbox.com/comp/def_content_category/washing-machine-dealers-voltas/washing-machine-dealers-voltas-2-washing-machine-dealers-voltas-2-tvepl-250.jpg?w=640&q=75 | https://content.jdmagicbox.com/comp/def_content_category/washing-machine-dealers-voltas/voltas-7150042400-wfl7010vtss-grey--washing-machine-dealers-voltas-1-sc4fu-250.jpg?w=640&q=75,Electronics-Shops
Maharashtra Automobile,"Shirad Shahpur, Hingoli",Show Number,4.5,20,,https://www.justdial.com/Hingoli/Maharashtra-Automobile-Shirad-Shahpur/9999P2456-2456-171129172702-L9Q4_BZDET?trkid=&term=&ncatid=10185144&area=&search=Popular%20Electronic%20Goods%20Showrooms%20in%20Hingoli&mncatname=Electronic%20Goods%20Showrooms&ftterm=&abd_btn=Get%20Best%20Deal&abd_heading=Electronic%20Goods%20Showrooms&bd=1&cat_b2b_flag=0&searchfrom=lst&thumbnail=,https://images.jdmagicbox.com/comp/hingoli/q4/9999p2456.2456.171129172702.l9q4/catalogue/maharashtra-automobile-shirad-shahpur-hingoli-electronic-goods-showrooms-yuiz15ym2s-250.jpg?w=640&q=75,Electronics-Shops
Sanket Enterprises And Mobile Shop,"Nagar Parishad Road Bhatt Colony, Hingoli",Show Number,4.9,17,,https://www.justdial.com/Hingoli/Sanket-Enterprises-And-Mobile-Shop-Near-Khurana-Petrol-Pump-Bhatt-Colony/9999P2456-2456-160709163155-A9F8_BZDET?trkid=&term=&ncatid=10185144&area=&search=Popular%20Electronic%20Goods%20Showrooms%20in%20Hingoli&mncatname=Electronic%20Goods%20Showrooms&ftterm=&abd_btn=Get%20Best%20Deal&abd_heading=Electronic%20Goods%20Showrooms&bd=1&cat_b2b_flag=0&searchfrom=lst&thumbnail=,https://content.jdmagicbox.com/v2/comp/hingoli/f8/9999p2456.2456.160709163155.a9f8/catalogue/sanket-enterprises-and-mobile-shop-jiomart-digital-partner--hingoli-ho-hingoli-mobile-phone-dealers-sony-16fl1cxcvq-250.jpg?w=640&q=75 | https://content.jdmagicbox.com/comp/hingoli/f8/9999p2456.2456.160709163155.a9f8/catalogue/sanket-enterprises-and-mobile-shop-hingoli-ho-hingoli-mobile-phone-dealers-sony-lx10njo6rw-250.jpg?w=640&q=75,Electronics-Shops
Rahul Electricals,"Siddharth Nagar, Hingoli",Show Number,4.2,19,,https://www.justdial.com/Hingoli/Rahul-Electricals-Ganpati-Chowk-Siddharth-Nagar/9999P2456-2456-210825161432-I7J7_BZDET?trkid=&term=&ncatid=10185144&area=&search=Popular%20Electronic%20Goods%20Showrooms%20in%20Hingoli&mncatname=Electronic%20Goods%20Showrooms&ftterm=&abd_btn=Get%20Best%20Deal&abd_heading=Electronic%20Goods%20Showrooms&bd=1&cat_b2b_flag=0&searchfrom=lst&thumbnail=,https://content.jdmagicbox.com/comp/hingoli/j7/9999p2456.2456.210825161432.i7j7/catalogue/-e6o48k667b-250.jpg?w=640&q=75 | https://content.jdmagicbox.com/comp/hingoli/j7/9999p2456.2456.210825161432.i7j7/catalogue/rahul-electricals-hingoli-electrical-shops-q7x5y29km7-250.jpg?w=640&q=75,Electronics-Shops
Sona Enterprises,"Main Road Hingoli Siddharth Nagar, Hingoli",Show Number,4.6,16,,https://www.justdial.com/Hingoli/Sona-Enterprises-Near-Hingoli-Siddharth-Nagar/9999P2456-2456-110309122254-E7K6_BZDET?trkid=&term=&ncatid=10185144&area=&search=Popular%20Electronic%20Goods%20Showrooms%20in%20Hingoli&mncatname=Electronic%20Goods%20Showrooms&ftterm=&abd_btn=Get%20Best%20Deal&abd_heading=Electronic%20Goods%20Showrooms&bd=1&cat_b2b_flag=0&searchfrom=lst&thumbnail=,https://content.jdmagicbox.com/comp/hingoli/k6/9999p2456.2456.110309122254.e7k6/catalogue/sona-enterprises-hingoli-ho-hingoli-dth-tv-broadcast-service-providers-3hxhsuf595-250.jpg?w=640&q=75 | https://content.jdmagicbox.com/comp/hingoli/k6/9999p2456.2456.110309122254.e7k6/catalogue/sona-enterprises-hingoli-ho-hingoli-dth-tv-broadcast-service-providers-16f0tudwkj-250.jpg?w=640&q=75,Electronics-Shops
Guru Krupa Electronics,"Pangra Shinde, Hingoli",Show Number,4.5,15,,https://www.justdial.com/Hingoli/Guru-Krupa-Electronics-Pangra-Shinde/9999P2456-2456-190118120725-Z5Q8_BZDET?trkid=&term=&ncatid=10185144&area=&search=Popular%20Electronic%20Goods%20Showrooms%20in%20Hingoli&mncatname=Electronic%20Goods%20Showrooms&ftterm=&abd_btn=Get%20Best%20Deal&abd_heading=Electronic%20Goods%20Showrooms&bd=1&cat_b2b_flag=0&searchfrom=lst&thumbnail=,https://images.jdmagicbox.com/v2/comp/hingoli/q8/9999p2456.2456.190118120725.z5q8/catalogue/guru-krupa-electronics-pangra-shinde-hingoli-ac-dealers-gwydw2m8xh-250.jpg?w=640&q=75,Electronics-Shops
Maru Furniture & Electronics,"Akola Road Hingoli Washim Akola Road, Hingoli",Show Number,3.9,17,,https://www.justdial.com/Hingoli/Maru-Furniture-Electronics-Near-Khurana-Travel-Hingoli-Washim-Akola-Road/9999P2456-2456-140608195532-T3M4_BZDET?trkid=&term=&ncatid=10185144&area=&search=Popular%20Electronic%20Goods%20Showrooms%20in%20Hingoli&mncatname=Electronic%20Goods%20Showrooms&ftterm=&abd_btn=Get%20Best%20Deal&abd_heading=Electronic%20Goods%20Showrooms&bd=1&cat_b2b_flag=0&searchfrom=lst&thumbnail=,https://content.jdmagicbox.com/comp/hingoli/m4/9999p2456.2456.140608195532.t3m4/catalogue/maru-furniture-and-electronics-hingoli-ho-hingoli-furniture-dealers-qbskshxara-250.jpg?w=640&q=75 | https://content.jdmagicbox.com/comp/hingoli/m4/9999p2456.2456.140608195532.t3m4/catalogue/maru-furniture-and-electronics-hingoli-ho-hingoli-furniture-dealers-asqwp-250.jpg?w=640&q=75 | https://akam.cdn.jdmagicbox.com/images/icontent/newwap/web2022/verified_2x.gif,Electronics-Shops
Maru Furniture & Electronics,"Akola Road Mohalla Paltan, Hingoli",Show Number,3.9,17,,https://www.justdial.com/Hingoli/Maru-Furniture-Electronics-Near-People-Bank-Mohalla-Paltan/9999PMULMUMSTD534_BZDET?trkid=&term=&ncatid=10185144&area=&search=Popular%20Electronic%20Goods%20Showrooms%20in%20Hingoli&mncatname=Electronic%20Goods%20Showrooms&ftterm=&abd_btn=Get%20Best%20Deal&abd_heading=Electronic%20Goods%20Showrooms&bd=1&cat_b2b_flag=0&searchfrom=lst&thumbnail=,https://content.jdmagicbox.com/v2/comp/hingoli/34/9999pmulmumstd534/catalogue/maru-furniture-and-electronics-hingoli-ho-hingoli-electronic-goods-showrooms-Dcbt59qQ81-250.jpg?w=640&q=75 | https://content.jdmagicbox.com/v2/comp/hingoli/34/9999pmulmumstd534/catalogue/maru-furniture-and-electronics-hingoli-ho-hingoli-electronic-goods-showrooms-HaGrc2smYX-250.jpg?w=640&q=75,Electronics-Shops
Rajesh Electronics And Appliances,"Main Road Kalamnuri Hingoli, Hingoli",Show Number,3.3,19,,https://www.justdial.com/Hingoli/Rajesh-Electronics-And-Appliances-Kalamnuri-Hingoli/9999P2456-2456-130619231823-I2S8_BZDET?trkid=&term=&ncatid=10185144&area=&search=Popular%20Electronic%20Goods%20Showrooms%20in%20Hingoli&mncatname=Electronic%20Goods%20Showrooms&ftterm=&abd_btn=Get%20Best%20Deal&abd_heading=Electronic%20Goods%20Showrooms&bd=1&cat_b2b_flag=0&searchfrom=lst&thumbnail=,https://content.jdmagicbox.com/comp/hingoli/s8/9999p2456.2456.130619231823.i2s8/catalogue/rajesh-electronics-and-appliances-kalamnuri-hingoli-hingoli-electrical-shops-8umzzicy3y-250.jpg?w=640&q=75 | https://content.jdmagicbox.com/v2/comp/hingoli/s8/9999p2456.2456.130619231823.i2s8/catalogue/rajesh-electronics-and-appliances-kalamnuri-hingoli-hingoli-electronic-goods-showrooms-wk8sig0pp1-250.jpg?w=640&q=75,Electronics-Shops
Nisha Electricals Agency,"Main Road Kapad Lane, Basmath",Show Number,4.7,13,,,https://content.jdmagicbox.com/comp/basmath/e1/9999p2456.2456.140527230733.x2e1/catalogue/nisha-electricals-agency-basmathnagar-basmath-electrical-shops-ttjlt9xvg4-250.jpg?w=640&q=75 | https://content.jdmagicbox.com/comp/hingoli/e1/9999p2456.2456.140527230733.x2e1/catalogue/nisha-electricals-agency-basmathnagar-basmath-electrical-shops-s55qgfw967-250.jpg?w=640&q=75,Electronics-Shops
Multics Computer Services,"Khwaja Colony Kalamnuri Kalamnuri Hingoli, Hingoli",Show Number,4.3,14,,https://www.justdial.com/Hingoli/Multics-Computer-Services-Kalamnuri-Hingoli/9999P2456-2456-171201165342-D2A4_BZDET?trkid=&term=&ncatid=10185144&area=&search=Popular%20Electronic%20Goods%20Showrooms%20in%20Hingoli&mncatname=Electronic%20Goods%20Showrooms&ftterm=&abd_btn=Get%20Best%20Deal&abd_heading=Electronic%20Goods%20Showrooms&bd=1&cat_b2b_flag=0&searchfrom=lst&thumbnail=,https://content.jdmagicbox.com/v2/comp/hingoli/a4/9999p2456.2456.171201165342.d2a4/catalogue/multics-computer-services-kalamnuri-hingoli-hingoli-ac-dealers-itegq17j29-250.jpg?w=640&q=75 | https://content.jdmagicbox.com/v2/comp/hingoli/a4/9999p2456.2456.171201165342.d2a4/catalogue/multics-computer-services-kalamnuri-hingoli-hingoli-ac-dealers-gntz96v99n-250.jpg?w=640&q=75,Electronics-Shops
Hello Mobiles,"Basmath Gondiya Ghungarde Hadgaon Road, Basmath",Show Number,4.3,13,,,https://images.jdmagicbox.com/comp/def_content/electronic_goods_showrooms/default-electronic-goods-showrooms-7-250.jpg?w=640&q=75,Electronics-Shops
Dhanashri Photo Studio,"Tapowan Road Karanjala, Hingoli",Show Number,4.0,13,,https://www.justdial.com/Hingoli/Dhanashri-Photo-Studio-Karanjala/9999P2456-2456-180529140306-T5M8_BZDET?trkid=&term=&ncatid=10185144&area=&search=Popular%20Electronic%20Goods%20Showrooms%20in%20Hingoli&mncatname=Electronic%20Goods%20Showrooms&ftterm=&abd_btn=Get%20Best%20Deal&abd_heading=Electronic%20Goods%20Showrooms&bd=1&cat_b2b_flag=0&searchfrom=lst&thumbnail=,https://content.jdmagicbox.com/comp/hingoli/m8/9999p2456.2456.180529140306.t5m8/catalogue/dhanashri-photo-shop-and-xerox-hingoli-photocopying-centres-2uo7aaowfj-250.jpg?w=640&q=75 | https://content.jdmagicbox.com/comp/hingoli/m8/9999p2456.2456.180529140306.t5m8/catalogue/dhanashri-photo-studio-hingoli-photocopying-centres-hr532vaj82-250.jpg?w=640&q=75,Electronics-Shops
Saudagar Electrical,"Purjal Road Purjal, Hingoli",Show Number,3.9,13,,https://www.justdial.com/Hingoli/Saudagar-Electrical-Purjal/9999P2456-2456-181002190536-H1X7_BZDET?trkid=&term=&ncatid=10185144&area=&search=Popular%20Electronic%20Goods%20Showrooms%20in%20Hingoli&mncatname=Electronic%20Goods%20Showrooms&ftterm=&abd_btn=Get%20Best%20Deal&abd_heading=Electronic%20Goods%20Showrooms&bd=1&cat_b2b_flag=0&searchfrom=lst&thumbnail=,https://content.jdmagicbox.com/comp/def_content_category/washing-machine-dealers-voltas/washing-machine-dealers-voltas-1-washing-machine-dealers-voltas-1-pp2ov-250.jpg?w=640&q=75 | https://content.jdmagicbox.com/comp/def_content/ac_dealers/default-ac-dealers-0-250.jpg?w=640&q=75 | https://content.jdmagicbox.com/comp/def_content_category/washing-machine-dealers-voltas/voltas-7150042400-wfl7010vtss-grey--washing-machine-dealers-voltas-1-sc4fu-250.jpg?w=640&q=75,Electronics-Shops
Laxmi Electricals,"St Colony Srp Camp SRP Camp, Hingoli",Show Number,4.0,12,,https://www.justdial.com/Hingoli/Laxmi-Electricals-Srp-Camp/9999P2456-2456-171202180602-C7Z7_BZDET?trkid=&term=&ncatid=10185144&area=&search=Popular%20Electronic%20Goods%20Showrooms%20in%20Hingoli&mncatname=Electronic%20Goods%20Showrooms&ftterm=&abd_btn=Get%20Best%20Deal&abd_heading=Electronic%20Goods%20Showrooms&bd=1&cat_b2b_flag=0&searchfrom=lst&thumbnail=,https://content.jdmagicbox.com/comp/def_content_category/washing-machine-dealers/dr-priyankar-anandam-arogyam-majhola-moradabad-gastroenterologists-xi419t036s-w-1-washing-machine-dealers-4-2qo1o-250.jpg?w=640&q=75 | https://content.jdmagicbox.com/comp/def_content_category/washing-machine-dealers-voltas/voltas-7150042400-wfl7010vtss-grey--washing-machine-dealers-voltas-1-sc4fu-250.jpg?w=640&q=75 | https://content.jdmagicbox.com/comp/def_content_category/washing-machine-dealers-voltas/voltas-wtl80upgb-grey--washing-machine-dealers-voltas-3-4vkd8-250.jpg?w=640&q=75 | https://content.jdmagicbox.com/comp/def_content_category/washing-machine-dealers-voltas/washing-machine-dealers-voltas-2-washing-machine-dealers-voltas-2-tvepl-250.jpg?w=640&q=75,Electronics-Shops
Krishna Home Appliance,"Akhara Balapur Akhada Balapur, Hingoli",Show Number,5.0,9,,https://www.justdial.com/Hingoli/Krishna-Home-Appliance-Akhada-Balapur/9999P2456-2456-171222103558-R9M6_BZDET?trkid=&term=&ncatid=10185144&area=&search=Popular%20Electronic%20Goods%20Showrooms%20in%20Hingoli&mncatname=Electronic%20Goods%20Showrooms&ftterm=&abd_btn=Get%20Best%20Deal&abd_heading=Electronic%20Goods%20Showrooms&bd=1&cat_b2b_flag=0&searchfrom=lst&thumbnail=,https://content.jdmagicbox.com/comp/hingoli/k8/9999p2456.2456.191223121759.h6k8/catalogue/krushna-home-appliance-akhada-balapur-hingoli-5tfo36bu1p-250.jpg?w=640&q=75 | https://content.jdmagicbox.com/comp/hingoli/k8/9999p2456.2456.191223121759.h6k8/catalogue/krushna-home-appliance-akhada-balapur-hingoli-ekjwf9zn5j-250.jpg?w=640&q=75,Electronics-Shops
Shriram Electrical Electronics Home Appliances,"Talab Katta Road Siddharth Nagar, Hingoli",Show Number,4.6,9,,https://www.justdial.com/Hingoli/Shriram-Electrical-Electronics-Home-Appliances-Talab-Katta-Corner-Siddharth-Nagar/9999P2456-2456-131211192049-G2G5_BZDET?trkid=&term=&ncatid=10185144&area=&search=Popular%20Electronic%20Goods%20Showrooms%20in%20Hingoli&mncatname=Electronic%20Goods%20Showrooms&ftterm=&abd_btn=Get%20Best%20Deal&abd_heading=Electronic%20Goods%20Showrooms&bd=1&cat_b2b_flag=0&searchfrom=lst&thumbnail=,https://content.jdmagicbox.com/comp/hingoli/g5/9999p2456.2456.131211192049.g2g5/catalogue/shriram-electrical-electronics-home-appliances-hingoli-ho-hingoli-electronic-goods-showrooms-0mpapg9h7h-250.jpg?w=640&q=75 | https://content.jdmagicbox.com/comp/hingoli/g5/9999p2456.2456.131211192049.g2g5/catalogue/shriram-electrical-electronics-home-appliances-hingoli-ho-hingoli-electronic-goods-showrooms-27vnudp1zo-250.jpg?w=640&q=75,Electronics-Shops
Mauli Arts,"Hingoli Parbhani Road Jawala Bazar Hingoli, Hingoli",Show Number,4.3,9,,https://www.justdial.com/Hingoli/Mauli-Arts-Oppo-Sunderlal-Savji-Urban-Bank-Jawala-Bazar-Hingoli/9999P2456-2456-171218155418-I3Q6_BZDET?trkid=&term=&ncatid=10185144&area=&search=Popular%20Electronic%20Goods%20Showrooms%20in%20Hingoli&mncatname=Electronic%20Goods%20Showrooms&ftterm=&abd_btn=Get%20Best%20Deal&abd_heading=Electronic%20Goods%20Showrooms&bd=1&cat_b2b_flag=0&searchfrom=lst&thumbnail=,https://images.jdmagicbox.com/v2/comp/hingoli/q6/9999p2456.2456.171218155418.i3q6/catalogue/mauli-arts-jawala-bazar-hingoli-hingoli-electronic-goods-showrooms-D9Jntgtu4T-250.jpg?w=640&q=75,Electronics-Shops
Indian Mobile Corner (JioMart Digital Partner),"Kurunda, Basmath",Show Number,3.9,9,,,https://content.jdmagicbox.com/comp/basmath/u9/9999p2456.2456.220602204327.h1u9/catalogue/indian-mobile-corner-basmath-electronic-goods-showrooms-1nvlwxdide-250.jpg?w=640&q=75 | https://content.jdmagicbox.com/comp/hingoli/g1/9999p2456.2456.140618232858.w1g1/catalogue/indian-mobiles-corner-hingoli-1xvwmuurv5-250.jpg?w=640&q=75,Electronics-Shops
Gajananbaba Enterprises,"Tq - Kalamnuri Akhada Balapur, Hingoli",Show Number,3.8,9,,https://www.justdial.com/Hingoli/Gajananbaba-Enterprises-Akhada-Balapur/9999P2456-2456-100623193018-O9Z1_BZDET?trkid=&term=&ncatid=10185144&area=&search=Popular%20Electronic%20Goods%20Showrooms%20in%20Hingoli&mncatname=Electronic%20Goods%20Showrooms&ftterm=&abd_btn=Get%20Best%20Deal&abd_heading=Electronic%20Goods%20Showrooms&bd=1&cat_b2b_flag=0&searchfrom=lst&thumbnail=,https://images.jdmagicbox.com/comp/def_content/electronic_goods_showrooms/default-electronic-goods-showrooms-5-250.jpg?w=640&q=75,Electronics-Shops
Shivsamrat Mo Shop Kurunda,"Kurunda, Basmath",Show Number,4.2,8,,,https://images.jdmagicbox.com/comp/def_content/mobile_phone_dealers/default-mobile-phone-dealers-20-250.jpg?w=640&q=75,Electronics-Shops
Balaji Electronics,"Nanded Hingoli Road Ak. Balapur Akhada Balapur, Hingoli",Show Number,4.7,7,,https://www.justdial.com/Hingoli/Balaji-Electronics-Kusmtai-Sabhgruh-Oop-Grampanchyata-Karyalaya-Akhada-Balapur/9999P2456-2456-181116214019-L9C1_BZDET?trkid=&term=&ncatid=10185144&area=&search=Popular%20Electronic%20Goods%20Showrooms%20in%20Hingoli&mncatname=Electronic%20Goods%20Showrooms&ftterm=&abd_btn=Get%20Best%20Deal&abd_heading=Electronic%20Goods%20Showrooms&bd=1&cat_b2b_flag=0&searchfrom=lst&thumbnail=,https://content.jdmagicbox.com/comp/hingoli/c1/9999p2456.2456.181116214019.l9c1/catalogue/balaji-electronics-akhada-balapur-hingoli-electronic-goods-showrooms-rye7c0h8hv-250.jpg?w=640&q=75 | https://content.jdmagicbox.com/v2/comp/hingoli/c1/9999p2456.2456.181116214019.l9c1/catalogue/balaji-electronics-akhada-balapur-hingoli-electronic-goods-showrooms-vpuhu5py4u-250.jpg?w=640&q=75,Electronics-Shops
Monika Electronics,"Jawahar Road Siddharth Nagar, Hingoli",Show Number,3.6,9,,https://www.justdial.com/Hingoli/Monika-Electronics-Near-Sant-Namdeo-Bank-Siddharth-Nagar/9999PMULMUMSTD2823_BZDET?trkid=&term=&ncatid=10185144&area=&search=Popular%20Electronic%20Goods%20Showrooms%20in%20Hingoli&mncatname=Electronic%20Goods%20Showrooms&ftterm=&abd_btn=Get%20Best%20Deal&abd_heading=Electronic%20Goods%20Showrooms&bd=1&cat_b2b_flag=0&searchfrom=lst&thumbnail=,https://content.jdmagicbox.com/comp/hingoli/23/9999pmulmumstd2823/catalogue/monika-electronics-hingoli-1edugkfq6o-250.jpg?w=640&q=75 | https://content.jdmagicbox.com/comp/hingoli/23/9999pmulmumstd2823/catalogue/monika-electronics-hingoli-l5us0-250.jpg?w=640&q=75,Electronics-Shops
Lucky Mobile (Jiomart Digital Partner),"Jawahar Road Siddharth Nagar, Hingoli",Show Number,4.0,8,,https://www.justdial.com/Hingoli/Lucky-Mobile-Jiomart-Digital-Partner-Near-Royal-Boot-House-Siddharth-Nagar/9999P2456-2456-150727004404-I6R4_BZDET?trkid=&term=&ncatid=10185144&area=&search=Popular%20Electronic%20Goods%20Showrooms%20in%20Hingoli&mncatname=Electronic%20Goods%20Showrooms&ftterm=&abd_btn=Get%20Best%20Deal&abd_heading=Electronic%20Goods%20Showrooms&bd=1&cat_b2b_flag=0&searchfrom=lst&thumbnail=,https://content.jdmagicbox.com/comp/hingoli/r4/9999p2456.2456.150727004404.i6r4/catalogue/lucky-mobile-jiomart-digital-partner--hingoli-ho-hingoli-mobile-phone-dealers-sony-oz1nsvxb3y-250.jpg?w=640&q=75 | https://content.jdmagicbox.com/v2/comp/hingoli/r4/9999p2456.2456.150727004404.i6r4/catalogue/lucky-mobile-hingoli-mobile-phone-dealers-myfhg08xpc-250.jpg?w=640&q=75,Electronics-Shops
Jain Enterprises,"Sarafa Bazar Hingoli Mangalwara, Hingoli",Show Number,5.0,6,,https://www.justdial.com/Hingoli/Jain-Enterprises-Mangalwara/9999P2456-2456-240522210528-M7M8_BZDET?trkid=&term=&ncatid=10185144&area=&search=Popular%20Electronic%20Goods%20Showrooms%20in%20Hingoli&mncatname=Electronic%20Goods%20Showrooms&ftterm=&abd_btn=Get%20Best%20Deal&abd_heading=Electronic%20Goods%20Showrooms&bd=1&cat_b2b_flag=0&searchfrom=lst&thumbnail=,https://images.jdmagicbox.com/comp/def_content/electronic_goods_showrooms/default-electronic-goods-showrooms-9-250.jpg?w=640&q=75,Electronics-Shops
Prince Home Appliances,"Main Road Khajipura, Basmath",Show Number,4.6,6,,,https://content.jdmagicbox.com/comp/def_content_category/washing-machine-dealers-voltas/voltas-7150042400-wfl7010vtss-grey--washing-machine-dealers-voltas-1-sc4fu-250.jpg?w=640&q=75 | https://content.jdmagicbox.com/comp/def_content_category/washing-machine-dealers-voltas/washing-machine-dealers-voltas-1-washing-machine-dealers-voltas-1-pp2ov-250.jpg?w=640&q=75 | https://content.jdmagicbox.com/comp/def_content_category/washing-machine-dealers-voltas/voltas-wtl80upgb-grey--washing-machine-dealers-voltas-3-4vkd8-250.jpg?w=640&q=75 | https://content.jdmagicbox.com/comp/def_content_category/washing-machine-dealers/dr-priyankar-anandam-arogyam-majhola-moradabad-gastroenterologists-xi419t036s-w-1-washing-machine-dealers-4-2qo1o-250.jpg?w=640&q=75,Electronics-Shops
Pravin Refrigeration And Electrical Workshop,"Sengaon Hingoli, Hingoli",Show Number,4.6,6,,https://www.justdial.com/Hingoli/Pravin-Refrigeration-And-Electrical-Workshop-Sengaon-Hingoli/9999P2456-2456-180317002316-X2L8_BZDET?trkid=&term=&ncatid=10185144&area=&search=Popular%20Electronic%20Goods%20Showrooms%20in%20Hingoli&mncatname=Electronic%20Goods%20Showrooms&ftterm=&abd_btn=Get%20Best%20Deal&abd_heading=Electronic%20Goods%20Showrooms&bd=1&cat_b2b_flag=0&searchfrom=lst&thumbnail=,https://content.jdmagicbox.com/v2/comp/hingoli/l8/9999p2456.2456.180317002316.x2l8/catalogue/pravin-refrigeration-and-electrical-workshop-sengaon-hingoli-hingoli-ac-dealers-uzhqxurbn6-250.jpg?w=640&q=75 | https://content.jdmagicbox.com/v2/comp/hingoli/l8/9999p2456.2456.180317002316.x2l8/catalogue/pravin-refrigeration-and-electrical-workshop-sengaon-hingoli-hingoli-ac-dealers-jwr848u2j0-250.jpg?w=640&q=75,Electronics-Shops
Pranjal Mobile Shop,"Washim Akola Road Adgaon, Hingoli",Show Number,4.6,6,,https://www.justdial.com/Hingoli/Pranjal-Mobile-Shop-Adgaon/9999P2456-2456-221230014646-G9I3_BZDET?trkid=&term=&ncatid=10185144&area=&search=Popular%20Electronic%20Goods%20Showrooms%20in%20Hingoli&mncatname=Electronic%20Goods%20Showrooms&ftterm=&abd_btn=Get%20Best%20Deal&abd_heading=Electronic%20Goods%20Showrooms&bd=1&cat_b2b_flag=0&searchfrom=lst&thumbnail=,https://content.jdmagicbox.com/comp/def_content_category/washing-machine-dealers/dr-priyankar-anandam-arogyam-majhola-moradabad-gastroenterologists-xi419t036s-w-1-washing-machine-dealers-4-2qo1o-250.jpg?w=640&q=75 | https://content.jdmagicbox.com/comp/def_content_category/washing-machine-dealers-voltas/voltas-wtl80upgb-grey--washing-machine-dealers-voltas-3-4vkd8-250.jpg?w=640&q=75 | https://content.jdmagicbox.com/comp/def_content_category/washing-machine-dealers-voltas/voltas-7150042400-wfl7010vtss-grey--washing-machine-dealers-voltas-1-sc4fu-250.jpg?w=640&q=75 | https://content.jdmagicbox.com/comp/def_content_category/washing-machine-dealers-voltas/washing-machine-dealers-voltas-2-washing-machine-dealers-voltas-2-tvepl-250.jpg?w=640&q=75,Electronics-Shops
Shyam Electronics,"Tikhadi Ganjapur, Hingoli",Show Number,4.3,6,,https://www.justdial.com/Hingoli/Shyam-Electronics-Ganjapur/9999P2456-2456-171128173756-G4Y1_BZDET?trkid=&term=&ncatid=10185144&area=&search=Popular%20Electronic%20Goods%20Showrooms%20in%20Hingoli&mncatname=Electronic%20Goods%20Showrooms&ftterm=&abd_btn=Get%20Best%20Deal&abd_heading=Electronic%20Goods%20Showrooms&bd=1&cat_b2b_flag=0&searchfrom=lst&thumbnail=,https://content.jdmagicbox.com/comp/hingoli/y1/9999p2456.2456.171128173756.g4y1/catalogue/shyam-electronics-ganjapur-hingoli-electronic-goods-showrooms-531nrzyjw9-250.jpg?w=640&q=75 | https://content.jdmagicbox.com/comp/hingoli/y1/9999p2456.2456.171128173756.g4y1/catalogue/shyam-electronics-ganjapur-hingoli-electronic-goods-showrooms-7btqsq8oic-250.jpg?w=640&q=75,Electronics-Shops
Rounak Electricals,"Kothlaj Azam Colony Road Azam Colony, Hingoli",Show Number,5.0,5,,https://www.justdial.com/Hingoli/Rounak-Electricals-Near-Badi-Masjid-Azam-Colony/9999P2456-2456-180903162445-E1D6_BZDET?trkid=&term=&ncatid=10185144&area=&search=Popular%20Electronic%20Goods%20Showrooms%20in%20Hingoli&mncatname=Electronic%20Goods%20Showrooms&ftterm=&abd_btn=Get%20Best%20Deal&abd_heading=Electronic%20Goods%20Showrooms&bd=1&cat_b2b_flag=0&searchfrom=lst&thumbnail=,https://content.jdmagicbox.com/comp/hingoli/d6/9999p2456.2456.180903162445.e1d6/catalogue/rounak-electricals-hingoli-zn8wkww5ix-250.jpg?w=640&q=75 | https://content.jdmagicbox.com/v2/comp/hingoli/d6/9999p2456.2456.180903162445.e1d6/catalogue/rounak-electricals-hingoli-0igcgrtd4g-250.jpg?w=640&q=75,Electronics-Shops
Shivtej Electricals And Enterprises,"Main Rode Jawla Bazar, Hingoli",Show Number,5.0,5,,https://www.justdial.com/Hingoli/Shivtej-Electricals-And-Enterprises-Jawla-Bazar/9999P2456-2456-190523085753-J5R1_BZDET?trkid=&term=&ncatid=10185144&area=&search=Popular%20Electronic%20Goods%20Showrooms%20in%20Hingoli&mncatname=Electronic%20Goods%20Showrooms&ftterm=&abd_btn=Get%20Best%20Deal&abd_heading=Electronic%20Goods%20Showrooms&bd=1&cat_b2b_flag=0&searchfrom=lst&thumbnail=,https://content.jdmagicbox.com/comp/hingoli/r1/9999p2456.2456.190523085753.j5r1/catalogue/shivtej-electricals-and-enterprises-hingoli-electronic-goods-showrooms-89snpdpfjd-250.jpg?w=640&q=75 | https://content.jdmagicbox.com/comp/hingoli/r1/9999p2456.2456.190523085753.j5r1/catalogue/shivtej-electricals-and-enterprises-hingoli-electronic-goods-showrooms-eit7wfgwfy-250.jpg?w=640&q=75,Electronics-Shops
Datta Electronics,"Hingoli Road Goregaon, Hingoli",Show Number,4.0,6,,https://www.justdial.com/Hingoli/Datta-Electronics-Goregaon/9999P2456-2456-180226173406-I9F2_BZDET?trkid=&term=&ncatid=10185144&area=&search=Popular%20Electronic%20Goods%20Showrooms%20in%20Hingoli&mncatname=Electronic%20Goods%20Showrooms&ftterm=&abd_btn=Get%20Best%20Deal&abd_heading=Electronic%20Goods%20Showrooms&bd=1&cat_b2b_flag=0&searchfrom=lst&thumbnail=,https://content.jdmagicbox.com/comp/def_content/ac_dealers/default-ac-dealers-0-250.jpg?w=640&q=75 | https://content.jdmagicbox.com/comp/def_content_category/washing-machine-dealers-voltas/washing-machine-dealers-voltas-2-washing-machine-dealers-voltas-2-tvepl-250.jpg?w=640&q=75 | https://content.jdmagicbox.com/comp/def_content_category/washing-machine-dealers-voltas/voltas-7150042400-wfl7010vtss-grey--washing-machine-dealers-voltas-1-sc4fu-250.jpg?w=640&q=75 | https://content.jdmagicbox.com/comp/def_content_category/washing-machine-dealers-voltas/voltas-wtl80upgb-grey--washing-machine-dealers-voltas-3-4vkd8-250.jpg?w=640&q=75,Electronics-Shops
Kanchan Electronics,"Mutha Complex Choudhari Nagar, Hingoli",Show Number,4.8,5,,https://www.justdial.com/Hingoli/Kanchan-Electronics-Besides-Tehare-Hospital-Choudhari-Nagar/9999P2456-2456-171016154814-J4L6_BZDET?trkid=&term=&ncatid=10185144&area=&search=Popular%20Electronic%20Goods%20Showrooms%20in%20Hingoli&mncatname=Electronic%20Goods%20Showrooms&ftterm=&abd_btn=Get%20Best%20Deal&abd_heading=Electronic%20Goods%20Showrooms&bd=1&cat_b2b_flag=0&searchfrom=lst&thumbnail=,https://content.jdmagicbox.com/comp/hingoli/l6/9999p2456.2456.171016154814.j4l6/catalogue/kanchan-electronics-hingoli-ho-hingoli-tv-repair-and-services-4yhbo-250.jpg?w=640&q=75 | https://content.jdmagicbox.com/comp/hingoli/l6/9999p2456.2456.171016154814.j4l6/catalogue/kanchan-electronics-hingoli-ho-hingoli-lcd-tv-repair-and-services-videocon-5fhb3g6qp2-250.jpg?w=640&q=75,Electronics-Shops
Avadhoot Electrical,"Adarsh College Road Yashwant Nagar, Hingoli",Show Number,4.6,5,,https://www.justdial.com/Hingoli/Avadhoot-Electrical-Back-Side-Hanuman-Mandir-Opposite-Ujwal-Play-School-Yashwant-Nagar/9999P2456-2456-151015125001-E1V8_BZDET?cat_b2b_flag=0&searchfrom=lst&bd=1&mncatname=Electronic%20Goods%20Showrooms&ncatid=10185144&ftterm=&thumbnail=,https://content.jdmagicbox.com/comp/hingoli/v8/9999p2456.2456.151015125001.e1v8/catalogue/avadhoot-electrical-hingoli-electrical-shops-8uy5pgwyf3-250.jpg?w=640&q=75 | https://content.jdmagicbox.com/comp/hingoli/v8/9999p2456.2456.151015125001.e1v8/catalogue/avadhoot-electrical-hingoli-electricians-lm2b114c24-250.jpg?w=640&q=75,Electronics-Shops
Rajdhani Electricals,"Akola Road Siddharth Nagar, Hingoli",Show Number,4.4,5,,https://www.justdial.com/Hingoli/Rajdhani-Electricals-Near-Nagar-Parishad-Siddharth-Nagar/9999P2456-2456-170902191309-X2P3_BZDET?trkid=&term=&ncatid=10185144&area=&search=Popular%20Electronic%20Goods%20Showrooms%20in%20Hingoli&mncatname=Electronic%20Goods%20Showrooms&ftterm=&abd_btn=Get%20Best%20Deal&abd_heading=Electronic%20Goods%20Showrooms&bd=1&cat_b2b_flag=0&searchfrom=lst&thumbnail=,https://content.jdmagicbox.com/comp/hingoli/p3/9999p2456.2456.170902191309.x2p3/catalogue/rajdhani-electricals-hingoli-dsl601mb6c-250.jpg?w=640&q=75 | https://content.jdmagicbox.com/comp/hingoli/p3/9999p2456.2456.170902191309.x2p3/catalogue/rajdhani-electricals-hingoli-ho-hingoli-electrical-shops-6dp8ehxm6w-250.jpg?w=640&q=75,Electronics-Shops
Gharsansar Bartan Bhandar,"Jawla Bazar, Hingoli",Show Number,4.4,5,,https://www.justdial.com/Hingoli/Gharsansar-Bartan-Bhandar-Jawla-Bazar/9999P2456-2456-231109072304-L2A9_BZDET?trkid=&term=&ncatid=10185144&area=&search=Popular%20Electronic%20Goods%20Showrooms%20in%20Hingoli&mncatname=Electronic%20Goods%20Showrooms&ftterm=&abd_btn=Get%20Best%20Deal&abd_heading=Electronic%20Goods%20Showrooms&bd=1&cat_b2b_flag=0&searchfrom=lst&thumbnail=,https://images.jdmagicbox.com/comp/def_content/electronic_goods_showrooms/default-electronic-goods-showrooms-0-250.jpg?w=640&q=75,Electronics-Shops
Sai Agency,"Sengaon Hingoli, Hingoli",Show Number,3.3,6,,https://www.justdial.com/Hingoli/Sai-Agency-Sengaon-Hingoli/9999P2456-2456-171002225310-K5T2_BZDET?trkid=&term=&ncatid=10185144&area=&search=Popular%20Electronic%20Goods%20Showrooms%20in%20Hingoli&mncatname=Electronic%20Goods%20Showrooms&ftterm=&abd_btn=Get%20Best%20Deal&abd_heading=Electronic%20Goods%20Showrooms&bd=1&cat_b2b_flag=0&searchfrom=lst&thumbnail=,https://content.jdmagicbox.com/comp/def_content_category/washing-machine-dealers/dr-priyankar-anandam-arogyam-majhola-moradabad-gastroenterologists-xi419t036s-w-1-washing-machine-dealers-4-2qo1o-250.jpg?w=640&q=75 | https://content.jdmagicbox.com/comp/def_content_category/washing-machine-dealers/fd9a377e80-1-washing-machine-dealers-5-eer1k-250.jpg?w=640&q=75 | https://content.jdmagicbox.com/comp/def_content_category/washing-machine-dealers-voltas/washing-machine-dealers-voltas-2-washing-machine-dealers-voltas-2-tvepl-250.jpg?w=640&q=75 | https://content.jdmagicbox.com/comp/def_content_category/washing-machine-dealers-voltas/voltas-wtl80upgb-grey--washing-machine-dealers-voltas-3-4vkd8-250.jpg?w=640&q=75,Electronics-Shops
Shraddha Electronics,"Akhara Balapur Akhada Balapur, Hingoli",Show Number,4.8,4,,https://www.justdial.com/Hingoli/Shraddha-Electronics-Akhada-Balapur/9999P2456-2456-171203155205-W4V4_BZDET?trkid=&term=&ncatid=10185144&area=&search=Popular%20Electronic%20Goods%20Showrooms%20in%20Hingoli&mncatname=Electronic%20Goods%20Showrooms&ftterm=&abd_btn=Get%20Best%20Deal&abd_heading=Electronic%20Goods%20Showrooms&bd=1&cat_b2b_flag=0&searchfrom=lst&thumbnail=,https://content.jdmagicbox.com/comp/def_content_category/washing-machine-dealers/fd9a377e80-1-washing-machine-dealers-5-eer1k-250.jpg?w=640&q=75 | https://content.jdmagicbox.com/comp/def_content_category/washing-machine-dealers-voltas/washing-machine-dealers-voltas-1-washing-machine-dealers-voltas-1-pp2ov-250.jpg?w=640&q=75 | https://content.jdmagicbox.com/comp/def_content_category/washing-machine-dealers-voltas/voltas-7150042400-wfl7010vtss-grey--washing-machine-dealers-voltas-1-sc4fu-250.jpg?w=640&q=75 | https://content.jdmagicbox.com/comp/def_content_category/washing-machine-dealers/dr-priyankar-anandam-arogyam-majhola-moradabad-gastroenterologists-xi419t036s-w-1-washing-machine-dealers-4-2qo1o-250.jpg?w=640&q=75,Electronics-Shops
Viraj Electrical And General,"Warud Chakrapan Road Kawatha, Hingoli",Show Number,3.8,5,,https://www.justdial.com/Hingoli/Viraj-Electrical-And-General-Near-Zp-School-Kawatha/9999P2456-2456-240405114202-P1Z7_BZDET?trkid=&term=&ncatid=10185144&area=&search=Popular%20Electronic%20Goods%20Showrooms%20in%20Hingoli&mncatname=Electronic%20Goods%20Showrooms&ftterm=&abd_btn=Get%20Best%20Deal&abd_heading=Electronic%20Goods%20Showrooms&bd=1&cat_b2b_flag=0&searchfrom=lst&thumbnail=,https://images.jdmagicbox.com/comp/def_content/electronic_goods_showrooms/default-electronic-goods-showrooms-4-250.jpg?w=640&q=75,Electronics-Shops
Sanket Electronics&electricals Wadad,"Wadad Maharashtra Hingoli Washim Akola Road, Hingoli",Show Number,3.8,5,,https://www.justdial.com/Hingoli/Sanket-Electronicselectricals-Wadad-Hingoli-Washim-Akola-Road/9999P2456-2456-221121201905-C1F3_BZDET?trkid=&term=&ncatid=10185144&area=&search=Popular%20Electronic%20Goods%20Showrooms%20in%20Hingoli&mncatname=Electronic%20Goods%20Showrooms&ftterm=&abd_btn=Get%20Best%20Deal&abd_heading=Electronic%20Goods%20Showrooms&bd=1&cat_b2b_flag=0&searchfrom=lst&thumbnail=,https://content.jdmagicbox.com/comp/hingoli/f3/9999p2456.2456.221121201905.c1f3/catalogue/sanket-electronics-and-electricals-wadad-hingoli-electronic-goods-showrooms-8xj53r4x72-250.jpg?w=640&q=75 | https://content.jdmagicbox.com/comp/hingoli/f3/9999p2456.2456.221121201905.c1f3/catalogue/sanket-electronics-and-electricals-wadad-hingoli-electronic-goods-showrooms-yidj3umqol-250.jpg?w=640&q=75 | https://content.jdmagicbox.com/comp/def_content_category/washing-machine-dealers-voltas/washing-machine-dealers-voltas-1-washing-machine-dealers-voltas-1-pp2ov-250.jpg?w=640&q=75 | https://content.jdmagicbox.com/comp/def_content/ac_dealers/default-ac-dealers-0-250.jpg?w=640&q=75,Electronics-Shops
Shri Gajanan Automobiles And Servicing Centre,"Sengaon Belala, Hingoli",,3.0,6,,https://www.justdial.com/Hingoli/Shri-Gajanan-Automobiles-And-Servicing-Centre-Belala/9999P2456-2456-241126104537-J3A5_BZDET?trkid=&term=&ncatid=10185144&area=&search=Popular%20Electronic%20Goods%20Showrooms%20in%20Hingoli&mncatname=Electronic%20Goods%20Showrooms&ftterm=&abd_btn=Get%20Best%20Deal&abd_heading=Electronic%20Goods%20Showrooms&bd=1&cat_b2b_flag=0&searchfrom=lst&thumbnail=,https://images.jdmagicbox.com/comp/def_content/electronic_goods_showrooms/default-electronic-goods-showrooms-5-250.jpg?w=640&q=75,Electronics-Shops
Aditya Care Center,"Main Road Kapad Lane, Basmath",Show Number,3.0,6,,,,Electronics-Shops
New Narayan Electric,"Hingoli Tapdiya Nagar, Hingoli",Show Number,4.5,4,,https://www.justdial.com/Hingoli/New-Narayan-Electric-Tapdiya-Nagar/9999P2456-2456-230926180441-W1F5_BZDET?trkid=&term=&ncatid=10185144&area=&search=Popular%20Electronic%20Goods%20Showrooms%20in%20Hingoli&mncatname=Electronic%20Goods%20Showrooms&ftterm=&abd_btn=Get%20Best%20Deal&abd_heading=Electronic%20Goods%20Showrooms&bd=1&cat_b2b_flag=0&searchfrom=lst&thumbnail=,,Electronics-Shops
